<?xml version="1.0" encoding="UTF-8"?>
<project-private xmlns="http://www.netbeans.org/ns/project-private/1">
    <editor-bookmarks xmlns="http://www.netbeans.org/ns/editor-bookmarks/2" lastBookmarkId="0"/>
    <open-files xmlns="http://www.netbeans.org/ns/projectui-open-files/2">
        <group>
            <file>file:/A:/IFMG/Quarto%20Semestre/Programação%20IV/TP%201%20-%20Spotify/Main/src/main/Musicas.java</file>
            <file>file:/A:/IFMG/Quarto%20Semestre/Programação%20IV/TP%201%20-%20Spotify/Main/src/main/Main.java</file>
            <file>file:/A:/IFMG/Quarto%20Semestre/Programação%20IV/TP%201%20-%20Spotify/Main/src/main/ListaEncadeada.java</file>
            <file>file:/A:/IFMG/Quarto%20Semestre/Programação%20IV/TP%201%20-%20Spotify/Main/src/main/Musica.java</file>
            <file>file:/A:/IFMG/Quarto%20Semestre/Programação%20IV/TP%201%20-%20Spotify/Main/src/main/HelperClass.java</file>
        </group>
    </open-files>
</project-private>
